<?xml version="1.0" encoding="UTF-8"?>
<project-private xmlns="http://www.netbeans.org/ns/project-private/1">
    <editor-bookmarks xmlns="http://www.netbeans.org/ns/editor-bookmarks/2" lastBookmarkId="0"/>
    <open-files xmlns="http://www.netbeans.org/ns/projectui-open-files/2">
        <group>
            <file>file:/C:/Users/Usuario/Desktop/Qytetet_p4/Qytetet/lib/especulador.rb</file>
            <file>file:/C:/Users/Usuario/Desktop/Qytetet_p4/Qytetet/lib/tipo_sorpresa.rb</file>
            <file>file:/C:/Users/Usuario/Desktop/Qytetet_p4/Qytetet/lib/estado_juego.rb</file>
            <file>file:/C:/Users/Usuario/Desktop/Qytetet_p4/Qytetet/lib/sorpresa.rb</file>
            <file>file:/C:/Users/Usuario/Desktop/Qytetet_p4/Qytetet/lib/titulo_propiedad.rb</file>
            <file>file:/C:/Users/Usuario/Desktop/Qytetet_p4/Qytetet/lib/casilla.rb</file>
            <file>file:/C:/Users/Usuario/Desktop/Qytetet_p4/Qytetet/lib/tipo_casilla.rb</file>
            <file>file:/C:/Users/Usuario/Desktop/Qytetet_p4/Qytetet/lib/jugador.rb</file>
            <file>file:/C:/Users/Usuario/Desktop/Qytetet_p4/Qytetet/lib/calle.rb</file>
            <file>file:/C:/Users/Usuario/Desktop/Qytetet_p4/Qytetet/lib/tablero.rb</file>
            <file>file:/C:/Users/Usuario/Desktop/Qytetet_p4/Qytetet/lib/qytetet.rb</file>
            <file>file:/C:/Users/Usuario/Desktop/Qytetet_p4/Qytetet/lib/dado.rb</file>
            <file>file:/C:/Users/Usuario/Desktop/Qytetet_p4/Qytetet/lib/metodo_salir_carcel.rb</file>
        </group>
    </open-files>
</project-private>
